"No.","Time","Source","Destination","Protocol","Length","Info"
"40487","9.225815","162.105.129.65","10.1.237.106","LLC","389","Server Hello, Change Cipher SpecU, func=UP; DSAP 0xa2 Individual, SSAP 0xb8 Response"
"42908","9.772734","162.105.129.65","10.1.246.45","TLSv1.2","1516","[TCP Previous segment not captured] , Ignored Unknown Record"
"42911","9.772882","162.105.129.65","10.1.246.45","TLSv1.2","1235","[TCP Previous segment not captured] , Ignored Unknown Record, Ignored Unknown Record"
"42928","9.776159","162.105.129.65","10.1.246.45","TLSv1.2","1474","[TCP Previous segment not captured] , Ignored Unknown Record"
"42939","9.777719","162.105.129.65","10.1.246.45","TCP","208","[TCP Out-Of-Order] 443  >  39150 [PSH, ACK] Seq=12499 Ack=2229 Win=6386 Len=74 TSval=528735107 TSecr=3181217776"
"42966","9.779408","162.105.129.65","10.1.246.45","TCP","1508","[TCP Out-Of-Order] 443  >  39150 [ACK] Seq=15469 Ack=2229 Win=6386 Len=1374 TSval=528735110 TSecr=3181217779"
"43132","9.805642","162.105.129.65","10.1.246.45","TCP","1285","[TCP Retransmission] 443  >  39150 [ACK] Seq=17387 Ack=2730 Win=6887 Len=1143 TSval=528735136 TSecr=3181217804"
"43135","9.806065","162.105.129.65","10.1.246.45","TCP","1516","[TCP Retransmission] 443  >  39150 [ACK] Seq=19978 Ack=2730 Win=6887 Len=1374 TSval=528735136 TSecr=3181217804"
"43137","9.806159","162.105.129.65","10.1.246.45","TCP","216","[TCP Retransmission] 443  >  39150 [ACK] Seq=22800 Ack=2730 Win=6887 Len=74 TSval=528735136 TSecr=3181217804"
"43139","9.806253","162.105.129.65","10.1.246.45","TCP","1486","[TCP Retransmission] 443  >  39150 [PSH, ACK] Seq=24248 Ack=2730 Win=6887 Len=1344 TSval=528735136 TSecr=3181217806"
"43140","9.806302","162.105.129.65","10.1.246.45","TCP","155","[TCP Retransmission] 443  >  39150 [FIN, ACK] Seq=25592 Ack=2730 Win=6887 Len=21 TSval=528735137 TSecr=3046967308"
"43152","9.807308","162.105.129.65","10.1.246.45","TCP","1516","[TCP Retransmission] 443  >  39150 [ACK] Seq=25613 Ack=2730 Win=6887 Len=1374 TSval=528735137 TSecr=3181217804"
"43154","9.807397","162.105.129.65","10.1.246.45","TCP","1516","[TCP Retransmission] 443  >  39150 [ACK] Seq=27056 Ack=2730 Win=6887 Len=1374 TSval=528735137 TSecr=3181217804"
"43155","9.807441","162.105.129.65","10.1.246.45","TCP","216","[TCP Retransmission] 443  >  39150 [ACK] Seq=28430 Ack=2730 Win=6887 Len=74 TSval=528735137 TSecr=3181217804"
"43157","9.807530","162.105.129.65","10.1.246.45","TCP","216","[TCP Retransmission] 443  >  39150 [ACK] Seq=29878 Ack=2730 Win=6887 Len=74 TSval=528735137 TSecr=3181217804"
"43159","9.807619","162.105.129.65","10.1.246.45","TCP","216","[TCP Retransmission] 443  >  39150 [ACK] Seq=31326 Ack=2730 Win=6887 Len=74 TSval=528735137 TSecr=3181217804"
"43160","9.807699","160.105.129.65","10.1.246.45","SSL","1516","Continuation Data"
"43161","9.807793","162.105.129.65","10.1.246.45","TCP","1516","[TCP Retransmission] 443  >  39150 [ACK] Seq=35764 Ack=2730 Win=6887 Len=1374 TSval=528735137 TSecr=3181217804"
"43203","9.810703","162.105.129.65","10.1.246.45","TCP","1516","[TCP Retransmission] 443  >  39150 [ACK] Seq=38660 Ack=2730 Win=6887 Len=1374 TSval=528735141 TSecr=3181217809"
"43205","9.810792","162.105.129.65","10.1.246.45","TCP","1095","[TCP Retransmission] 443  >  39150 [PSH, ACK] Seq=42071 Ack=2730 Win=6887 Len=953 TSval=528735141 TSecr=3181217809"
"43212","9.811134","162.105.129.65","10.1.246.45","TCP","1516","[TCP Retransmission] 443  >  39150 [ACK] Seq=48816 Ack=2730 Win=6887 Len=1374 TSval=528735141 TSecr=3181217809"
"43213","9.811179","162.105.129.65","10.1.246.45","TLSv1.2","252","[TCP Spurious Retransmission] , Ignored Unknown Record"
"43214","9.811223","162.105.129.65","10.1.246.45","TCP","1516","[TCP Retransmission] 443  >  39150 [ACK] Seq=51732 Ack=2730 Win=6887 Len=1374 TSval=528735141 TSecr=3181217809"
"43215","9.811268","162.105.129.65","10.1.246.45","TCP","208","[TCP Retransmission] 443  >  39150 [PSH, ACK] Seq=53106 Ack=2730 Win=6887 Len=74 TSval=528735141 TSecr=3181217809"
"43235","9.812699","162.105.129.65","10.1.246.45","TCP","1516","[TCP Retransmission] 443  >  39150 [ACK] Seq=54628 Ack=2730 Win=6887 Len=1374 TSval=528735143 TSecr=3181217810"
"43237","9.812788","162.105.129.65","10.1.246.45","TCP","1516","[TCP Retransmission] 443  >  39150 [ACK] Seq=56076 Ack=2730 Win=6887 Len=1374 TSval=528735143 TSecr=3181217810"
"43238","9.812834","162.105.129.65","10.1.246.45","TCP","1221","[TCP Retransmission] 443  >  39150 [ACK] Seq=57450 Ack=2730 Win=6887 Len=1079 TSval=528735143 TSecr=3181217810"
"43240","9.812949","162.105.129.65","10.0.246.45","SSL","1516","Continuation Data"
"43244","9.813132","162.105.129.65","10.1.246.45","TCP","1516","[TCP Retransmission] 443  >  39150 [ACK] Seq=64784 Ack=2730 Win=6887 Len=1374 TSval=528735143 TSecr=3181217810"
"43245","9.813177","162.105.129.65","10.1.246.45","TCP","742","[TCP Retransmission] 443  >  39150 [ACK] Seq=66158 Ack=2730 Win=6887 Len=600 TSval=528735143 TSecr=3181217810"
"43246","9.813254","162.105.129.65","10.1.246.45","TCP","1084","[TCP Retransmission] 443  >  39150 [ACK] Seq=66758 Ack=2730 Win=6887 Len=942 TSval=528735143 TSecr=3181217810"
"43247","9.813298","162.105.129.65","10.1.246.45","TCP","1516","[TCP Retransmission] 443  >  39150 [ACK] Seq=69148 Ack=2730 Win=6887 Len=1374 TSval=528735143 TSecr=3181217810"
"43249","9.813386","162.105.129.65","10.1.246.45","TCP","1516","33211  >  39150 [ACK] Seq=1 Ack=1 Win=6887 Len=1374 TSval=528735143 TSecr=3181217810"
"43250","9.813431","162.105.129.65","10.1.246.45","TCP","1516","[TCP Retransmission] 443  >  39150 [ACK] Seq=72044 Ack=2730 Win=6887 Len=1374 TSval=528735143 TSecr=3181217810"
"43251","9.813475","162.105.129.65","10.1.246.45","TCP","216","[TCP Retransmission] 443  >  39150 [PSH, ACK] Seq=73418 Ack=2730 Win=6887 Len=74 TSval=528735143 TSecr=3181217810"
"43254","9.813609","162.105.129.65","10.1.246.45","TCP","1516","[TCP Retransmission] 443  >  39150 [ACK] Seq=74987 Ack=2730 Win=6887 Len=1374"
"43284","9.815986","162.105.129.65","10.1.247.45","SSL","1516","Continuation Data"
"43286","9.816077","162.105.129.65","10.1.246.45","TCP","1516","[TCP Retransmission] 443  >  39150 [ACK] Seq=79304 Ack=2730 Win=6887 Len=1374 TSval=528735145 TSecr=3181217814"
"43288","9.816168","162.105.129.65","10.1.246.45","TCP","1516","[TCP Retransmission] 443  >  39150 [ACK] Seq=80752 Ack=2730 Win=6887 Len=1374 TSval=528735145 TSecr=3181217814"
"43290","9.816258","162.105.129.65","10.1.246.45","TCP","1516","[TCP Retransmission] 443  >  39150 [ACK] Seq=85116 Ack=2730 Win=6887 Len=1374 TSval=528735145 TSecr=3181217814"
"43292","9.816381","160.105.129.65","26.33.246.45","TCP","1516","8601  >  47854 [ACK, NS] Seq=1 Ack=1 Win=15015 Len=1374"
"43294","9.816470","162.105.129.65","10.1.246.109","TCP","753","14521  >  8995 [ACK, Reserved] Seq=1 Ack=1 Win=52421 Len=567"
"43295","9.816515","162.105.129.65","10.1.246.45","TCP","1073","[TCP Retransmission] 443  >  39150 [ACK] Seq=91445 Ack=2730 Win=6887 Len=931 TSval=528735145 TSecr=3181217814"
"43296","9.816559","162.105.129.65","10.1.246.45","TCP","1516","[TCP Retransmission] 443  >  39150 [ACK] Seq=92376 Ack=2730 Win=6887 Len=1374 TSval=528735145 TSecr=3181217814"
"43297","9.816605","162.105.129.65","10.1.246.45","TCP","1516","[TCP Retransmission] 443  >  39150 [ACK] Seq=93824 Ack=2730 Win=6887 Len=1374 TSval=528735145 TSecr=3181217814"
"43299","9.816696","162.105.129.65","10.1.246.45","TCP","1516","[TCP Retransmission] 443  >  39150 [ACK] Seq=95272 Ack=2730 Win=6887 Len=1374 TSval=528735145 TSecr=3181217814"
"43301","9.816787","162.105.129.65","10.1.246.45","TCP","1508","[TCP Retransmission] 443  >  39150 [ACK] Seq=98168 Ack=2730 Win=6887 Len=1374 TSval=528735145 TSecr=3181217814"
"43508","9.846565","162.105.129.65","10.1.246.45","TCP","379","[TCP Retransmission] 443  >  39150 [PSH, ACK] Seq=100218 Ack=3263 Win=7420 Len=245 TSval=528735175 TSecr=3181217831"
"85763","19.065523","10.1.246.45","222.29.98.58","TCP","1516","51020  >  5201 [ACK] Seq=688412 Ack=1 Win=29312 Len=1374 TSval=1455333850 TSecr=1915938580"
"86624","19.136665","10.1.246.45","222.29.98.58","TCP","1516","51020  >  5201 [ACK] Seq=1292972 Ack=1 Win=29312 Len=1374 TSval=1455333923 TSecr=1915938654"
"87211","19.177213","10.1.246.45","222.29.98.58","TCP","1516","[TCP Out-Of-Order] 51020  >  5201 [ACK] Seq=1706546 Ack=1 Win=29312 Len=1374 TSval=1455333960 TSecr=1915938686"
"87214","19.177353","10.1.246.45","222.29.98.58","TCP","1516","[TCP Out-Of-Order] 51020  >  5201 [ACK] Seq=1712042 Ack=1 Win=29312 Len=1374 TSval=1455333960 TSecr=1915938686"
"87306","19.183524","10.1.246.45","222.29.98.58","TCP","1516","51020  >  5201 [ACK] Seq=1804100 Ack=1 Win=29312 Len=1374 TSval=1455333971 TSecr=1915938702"
"87354","19.186705","10.1.246.45","222.29.98.58","TCP","1516","51020  >  5201 [ACK] Seq=1859060 Ack=1 Win=29312 Len=1374 TSval=1455333973 TSecr=1915938703"
"87358","19.186906","10.1.246.45","222.29.98.58","TCP","1516","[TCP Out-Of-Order] 51020  >  5201 [ACK] Seq=1832954 Ack=1 Win=29312 Len=1374 TSval=1455333973 TSecr=1915938703"
"87359","19.186951","10.1.246.45","222.29.98.58","TCP","1516","[TCP Out-Of-Order] 51020  >  5201 [ACK] Seq=1834328 Ack=1 Win=29312 Len=1374 TSval=1455333973 TSecr=1915938703"
"87363","19.187149","10.1.246.45","222.29.98.58","TCP","1516","[TCP Out-Of-Order] 51020  >  5201 [ACK] Seq=1839824 Ack=1 Win=29312 Len=1374 TSval=1455333973 TSecr=1915938703"
"87364","19.187215","10.1.246.45","222.29.98.58","TCP","1516","[TCP Out-Of-Order] 51020  >  5201 [ACK] Seq=1841198 Ack=1 Win=29312 Len=1374 TSval=1455333973 TSecr=1915938703"
"87365","19.187258","10.1.246.45","222.29.98.58","TCP","1516","[TCP Out-Of-Order] 51020  >  5201 [ACK] Seq=1842572 Ack=1 Win=29312 Len=1374 TSval=1455333973 TSecr=1915938703"
"87366","19.187303","10.1.246.45","222.29.98.58","TCP","1516","[TCP Out-Of-Order] 51020  >  5201 [ACK] Seq=1845320 Ack=1 Win=29312 Len=1374 TSval=1455333973 TSecr=1915938703"
"87367","19.187347","10.1.246.45","222.29.98.58","TCP","1516","[TCP Out-Of-Order] 51020  >  5201 [ACK] Seq=1846694 Ack=1 Win=29312 Len=1374 TSval=1455333973 TSecr=1915938703"
"87369","19.187458","10.1.246.45","222.29.98.58","TCP","1516","[TCP Out-Of-Order] 51020  >  5201 [ACK] Seq=1849442 Ack=1 Win=29312 Len=1374 TSval=1455333973 TSecr=1915938703"
"87370","19.187501","10.1.246.44","222.29.98.58","TCP","1516","51020  >  5201 [ACK] Seq=1 Ack=1 Win=229 Len=1374 TSval=1455333973 TSecr=1915938703"
"87371","19.187546","10.1.246.45","222.29.98.58","TCP","1516","[TCP Out-Of-Order] 51020  >  5201 [ACK] Seq=1852190 Ack=1 Win=29312 Len=1374 TSval=1455333973 TSecr=1915938703"
"87372","19.187590","10.1.246.45","222.29.98.58","TCP","1516","[TCP Out-Of-Order] 51020  >  5201 [ACK] Seq=1853564 Ack=1 Win=29312 Len=1374 TSval=1455333973 TSecr=1915938703"
"87373","19.187666","10.1.246.45","222.29.98.58","TCP","1516","[TCP Out-Of-Order] 51020  >  5201 [ACK] Seq=1854938 Ack=1 Win=29312 Len=1374 TSval=1455333973 TSecr=1915938703"
"87374","19.187757","10.1.246.45","222.29.98.58","TCP","1516","[TCP Out-Of-Order] 51020  >  5201 [ACK] Seq=1856312 Ack=1 Win=29312 Len=1374 TSval=1455333973 TSecr=1915938703"
"87375","19.187803","2.1.246.45","222.29.98.62","TCP","1516","51020  >  5201 [ACK] Seq=1 Ack=1 Win=101 Len=1374 TSval=1455333973 TSecr=1915938703"
"87480","19.193742","10.1.246.45","222.29.98.58","TCP","1516","51020  >  5201 [ACK] Seq=1949744 Ack=1 Win=29312 Len=1374 TSval=1455333980 TSecr=1915938712"
"87482","19.193834","106.37.244.173","255.29.98.58","TCP","1516","51020  >  5201 [ACK] Seq=1 Ack=1 Win=229 Len=1374"
"87514","19.197104","10.1.246.45","222.29.98.58","TCP","1516","[TCP Out-Of-Order] 51020  >  5201 [PSH, ACK] Seq=1942874 Ack=1 Win=29312 Len=1374 TSval=1455333979 TSecr=1915938708"
"87516","19.197279","10.1.246.45","222.29.98.58","TCP","1516","[TCP Out-Of-Order] 51020  >  5201 [ACK] Seq=1953866 Ack=1 Win=29312 Len=1374"
"87519","19.197490","10.1.230.45","222.29.98.42","TCP","1516","51020  >  5201 [ACK] Seq=1 Ack=1 Win=229 Len=1354 TSval=1455333980 TSecr=1915938712"
"87520","19.197536","10.1.246.45","222.29.98.58","TCP","1516","[TCP Out-Of-Order] 51020  >  5201 [ACK] Seq=1960736 Ack=1 Win=29312 Len=1374 TSval=1455333980 TSecr=1915938712"
"87521","19.197582","10.1.246.45","222.29.98.58","TCP","1516","[TCP Out-Of-Order] 51020  >  5201 [ACK] Seq=1962110 Ack=1 Win=29312 Len=1374 TSval=1455333980 TSecr=1915938712"
"87627","19.203919","10.1.246.45","222.29.98.58","TCP","1516","51020  >  5201 [ACK] Seq=2061038 Ack=1 Win=29312 Len=1374 TSval=1455333991 TSecr=1915938722"
"87833","19.217234","10.5.244.45","222.29.114.58","TCP","1516","33612  >  5233 [ACK] Seq=1 Ack=1 Win=229 Len=1370"
"87969","19.225919","10.1.246.45","222.29.98.58","TCP","1516","[TCP Out-Of-Order] 51020  >  5201 [ACK] Seq=2162714 Ack=1 Win=29312 Len=1374 TSval=1455334010 TSecr=1915938741"
"88053","19.237015","10.1.246.45","222.29.98.58","TCP","1516","[TCP Out-Of-Order] 51020  >  5201 [ACK] Seq=2199812 Ack=1 Win=29312 Len=1374 TSval=1455334020 TSecr=1915938746"
"88054","19.237060","10.1.246.45","222.29.98.58","TCP","1508","[TCP Out-Of-Order] 51020  >  5201 [ACK] Seq=2202560 Ack=1 Win=29312 Len=1374 TSval=1455334020 TSecr=1915938746"
"88192","19.247003","10.1.246.45","222.29.98.58","TCP","1516","[TCP Out-Of-Order] 51020  >  5201 [PSH, ACK] Seq=2330342 Ack=1 Win=29312 Len=1374 TSval=1455334032 TSecr=1915938762"
"88319","19.257609","10.1.246.45","222.29.98.58","TCP","1508","51020  >  5201 [ACK] Seq=2414156 Ack=1 Win=29312 Len=1374 TSval=1455334044 TSecr=1915938770"
"88573","19.277300","10.1.246.45","222.29.98.58","TCP","1516","[TCP Out-Of-Order] 51020  >  5201 [ACK] Seq=2532320 Ack=1 Win=29312 Len=1374 TSval=1455334060 TSecr=1915938786"
"88576","19.277436","10.1.246.45","222.29.98.58","TCP","1516","[TCP Out-Of-Order] 51020  >  5201 [ACK] Seq=2536442 Ack=1 Win=29312 Len=1374 TSval=1455334060 TSecr=1915938786"
"88580","19.277640","10.1.246.45","222.29.98.58","TCP","1508","[TCP Out-Of-Order] 51020  >  5201 [ACK] Seq=2555678 Ack=1 Win=29312 Len=1374 TSval=1455334061 TSecr=1915938792"
"88704","19.286397","10.1.246.45","222.29.98.58","TCP","1516","51020  >  5201 [ACK] Seq=2660102 Ack=1 Win=29312 Len=1374 TSval=1455334072 TSecr=1915938803"
"88706","19.286487","10.1.246.45","222.29.98.58","TCP","1516","51020  >  5201 [ACK] Seq=2662850 Ack=1 Win=29312 Len=1374 TSval=1455334072 TSecr=1915938803"
"88708","19.286578","10.1.246.45","222.29.98.58","TCP","1516","51020  >  5201 [ACK] Seq=2665598 Ack=1 Win=29312 Len=1374 TSval=1455334072 TSecr=1915938803"
"88709","19.286624","10.1.246.45","222.29.98.58","TCP","1516","51020  >  5201 [ACK] Seq=2666972 Ack=1 Win=29312 Len=1374 TSval=1455334072 TSecr=1915938803"
"89527","19.347575","10.1.246.45","222.29.98.58","TCP","1516","51020  >  5201 [ACK] Seq=3253670 Ack=1 Win=29312 Len=1374 TSval=1455334135 TSecr=1915938858"
"89531","19.347754","10.1.246.45","222.29.98.58","TCP","1516","51020  >  5201 [ACK] Seq=3259166 Ack=1 Win=29312 Len=1374 TSval=1455334135 TSecr=1915938858"
"89613","19.355790","222.29.98.58","10.1.246.45","TCP","232","5201  >  51020 [ACK] Seq=1 Ack=3271532 Win=4016 Len=0 TSval=1915938873 TSecr=1455334135"
"95702","19.839314","10.1.246.45","222.29.98.58","TCP","1516","[TCP Out-Of-Order] 51020  >  5201 [ACK] Seq=7721918 Ack=1 Win=29312 Len=1374 TSval=1455334618 TSecr=1915939345"
"95813","19.844930","10.1.246.45","222.29.98.58","TCP","1508","[TCP Out-Of-Order] 51020  >  5201 [ACK] Seq=7802984 Ack=1 Win=29312 Len=1374 TSval=1455334629 TSecr=1915939359"
"96403","19.900000","10.1.246.45","214.29.224.58","TCP","1516","51020  >  5201 [ACK] Seq=1 Ack=1 Win=101 Len=1374"
"96513","19.905559","10.1.246.45","222.29.98.58","TCP","1516","51020  >  5201 [ACK] Seq=8303120 Ack=1 Win=29312 Len=1374 TSval=1455334691 TSecr=1915939422"
"96516","19.905699","10.1.246.45","222.29.98.58","TCP","1516","[TCP Previous segment not captured] 51020  >  5201 [ACK] Seq=8311364 Ack=1 Win=29312 Len=1374 TSval=1455203619 TSecr=1915939422"
"96534","19.906639","10.1.246.45","222.29.98.58","TCP","1516","51020  >  5201 [ACK] Seq=8323730 Ack=1 Win=29312 Len=1374 TSval=1455334691 TSecr=1915939422"
"96536","19.906734","10.1.246.45","222.29.98.58","TCP","1516","[TCP Previous segment not captured] 51020  >  5201 [ACK] Seq=8327852 Ack=1 Win=29312 Len=1374 TSval=1455334691 TSecr=1915939422"
"96537","19.906783","10.1.246.45","222.29.98.58","TCP","1516","51020  >  5201 [ACK] Seq=8329226 Ack=1 Win=29312 Len=1374 TSval=1455334691 TSecr=1915939422"
"96538","19.906829","10.1.246.45","222.29.98.58","TCP","1516","51020  >  5201 [ACK] Seq=8330600 Ack=1 Win=29312 Len=1374 TSval=1455334691 TSecr=1915939422"
"96539","19.906879","10.1.246.45","222.29.98.58","TCP","1508","51020  >  5201 [ACK] Seq=8331974 Ack=1 Win=29312 Len=1374 TSval=1455334691 TSecr=1915939422"
"97949","20.005222","10.1.246.45","222.29.98.58","TCP","1516","51020  >  5201 [ACK] Seq=9049202 Ack=1 Win=29312 Len=1374 TSval=1455334790 TSecr=1915939518"
"102205","20.369448","10.1.246.45","222.29.98.58","TCP","1516","[TCP Out-Of-Order] 51020  >  5201 [ACK] Seq=12091238 Ack=1 Win=29312 Len=1374 TSval=1455335152 TSecr=1915939874"
"102209","20.369826","10.1.246.45","222.29.98.58","TCP","1516","[TCP Out-Of-Order] 51020  >  5201 [ACK] Seq=12096734 Ack=1 Win=29312 Len=1374 TSval=1455335152 TSecr=1915939874"
"102214","20.370096","10.1.246.45","222.29.98.58","TCP","1516","[TCP Out-Of-Order] 51020  >  5201 [ACK] Seq=12104978 Ack=1 Win=29312 Len=1374 TSval=1455335152 TSecr=1915939874"
"102215","20.370284","10.1.246.45","222.29.98.58","TCP","1508","[TCP Retransmission] 51020  >  5201 [ACK] Seq=12107726 Ack=1 Win=29312 Len=1374 TSval=1455335152 TSecr=1915939874"
"105446","20.652346","94.29.98.58","10.1.214.45","LLC","232","U, func=UI; DSAP SNAP Individual, SSAP 0x2a Command"
"106688","20.773227","10.1.246.45","222.29.98.58","TCP","1516","[TCP Previous segment not captured] 51020  >  5201 [ACK] Seq=15516620 Ack=1 Win=29312 Len=1374 TSval=1455335559 TSecr=1915940287"
"106689","20.773349","10.1.246.45","222.29.98.58","TCP","1516","51020  >  5201 [ACK] Seq=15517994 Ack=1 Win=29312 Len=1374 TSval=1455335559 TSecr=1915940287"
"106960","20.799571","222.21.99.58","10.1.246.45","TCP","224","5201  >  51020 [ACK, Reserved] Seq=1 Ack=1 Win=37971 Len=0 TSval=1915907550 TSecr=1455302877"
"111899","21.203653","222.29.98.58","10.1.246.45","TCP","232","5201  >  51020 [ACK] Seq=1 Ack=19240160 Win=6761 Len=0"
"111901","21.203750","222.29.98.58","10.1.246.45","TCP","232","[TCP ACKed unseen segment] 5201  >  51020 [ACK] Seq=1 Ack=27729070 Win=6761 Len=0 TSval=1915940712 TSecr=1455335975"
"111902","21.203800","222.29.98.58","10.33.246.45","TCP","232","5201  >  51020 [ACK] Seq=1 Ack=1 Win=6761 Len=8 TSval=1915940715 TSecr=1446947367"
"111904","21.203902","218.29.98.58","10.1.246.45","TCP","232","39451  >  5084 [NS, Reserved] Seq=1 Win=10250, bogus TCP header length (0, must be at least 20)"
"111905","21.203948","222.29.98.58","10.1.246.45","TCP","142","5201  >  51020 [ACK] Seq=1 Ack=19421528 Win=6761 Len=0"
"111906","21.203993","222.29.98.58","10.1.246.45","TCP","134","[TCP ACKed unseen segment] [TCP Previous segment not captured] 5201  >  51020 [ACK] Seq=1073741825 Ack=23658938 Win=6185 Len=0"
"112436","21.255028","222.29.98.58","10.1.246.45","RSVP-E2EI","224","Unknown (81). [Malformed Packet]"
"112446","21.255647","222.29.98.58","10.1.246.45","LLC","224","I, N(R)=64, N(S)=1; SNAP, OUI 0x000008 (Xerox Corporation), PID 0x0045"
"113822","21.363350","222.29.98.58","10.1.246.45","LLC","232","U, func=UI; SNAP, OUI 0x800800 (Unknown), PID 0x0800"
"113823","21.363395","222.29.98.58","10.1.246.45","TCP","232","5201  >  51020 [ACK] Seq=1 Ack=21033230 Win=6761 Len=0 TSval=1915940872 TSecr=1455336133"
"113871","21.365760","222.29.98.58","10.1.246.45","TCP","232","5201  >  51020 [ACK, ECN] Seq=494641448 Ack=2586953894 Win=6761 TSval=842199039 TSecr=1455336120[Malformed Packet]"
"113873","21.365850","222.29.98.58","10.1.182.45","TCP","232","5201  >  51016 [ACK] Seq=1 Ack=1 Win=7785 Len=0 TSval=842199042 TSecr=1186900673"
"113878","21.366072","222.29.98.58","10.1.246.45","TCP","142","5201  >  51020 [ACK] Seq=1 Ack=21035978 Win=6761 Len=0 TSval=1915940873 TSecr=1455336149"
"113911","21.367613","222.29.98.58","10.1.246.45","LLC","232","U, func=UI; DSAP SNAP Individual, SSAP 0x8a Command"
"114413","21.413152","10.5.246.45","222.29.98.58","TCP","1516","51052  >  5201 [ACK] Seq=1 Ack=1 Win=101 Len=1374"
"115477","21.500343","10.1.246.45","222.29.98.58","TCP","1516","[TCP Previous segment not captured] 51020  >  5201 [ACK] Seq=22445702 Ack=1 Win=29312 Len=1374 TSval=1455336285 TSecr=1915941011"
"115482","21.502280","10.1.246.45","222.29.98.58","TCP","1516","[TCP Out-Of-Order] 51020  >  5201 [ACK] Seq=22444328 Ack=1 Win=29312 Len=1374 TSval=1455336285 TSecr=1915941011"
"118535","21.834712","10.1.246.45","222.29.98.58","TCP","1516","51020  >  5201 [ACK] Seq=24200300 Ack=1 Win=29312 Len=1374 TSval=1455336621 TSecr=1915941345"
"121884","22.446884","10.1.246.45","222.29.98.58","TCP","1516","51020  >  5201 [ACK] Seq=25067294 Ack=1 Win=29312 Len=1374 TSval=1455337233 TSecr=1915941962"
"122911","22.615941","222.29.98.58","10.1.246.45","TCP","224","5201  >  51020 [ACK] Seq=1 Ack=25340720 Win=23145 Len=0"
"127670","23.309460","10.1.246.45","222.29.98.58","TCP","1516","[TCP Out-Of-Order] 51020  >  5201 [ACK] Seq=27216230 Ack=1 Win=29312 Len=1374 TSval=1455338088 TSecr=1915942820"
"131536","23.847224","222.29.98.58","10.1.246.45","TCP","224","37969  >  50956 [ACK, CWR] Seq=1 Ack=1 Win=6761 Len=0"
"131550","23.848538","222.29.98.58","10.1.246.45","TCP","224","5201  >  51020 [ACK] Seq=1 Ack=28598474 Win=6761 Len=0 TSval=1915943365 TSecr=1455338629"
"132294","23.986763","222.29.98.58","10.129.246.37","TCP","224","5201  >  51020 [ACK] Seq=1 Ack=1 Win=6697 Len=0"
"132448","23.998407","222.29.98.58","10.1.246.45","TCP","232","5201  >  51020 [ACK] Seq=1 Ack=28816940 Win=6761 Len=0 TSval=1915943516 TSecr=1455334683"
"133270","24.139628","222.29.102.58","10.129.246.45","IPv4","224","Fragmented IP protocol (proto=Control Message 38, off=32832, ID=08f2)"
"133339","24.145493","222.29.98.58","10.1.246.45","TCP","224","5201  >  51020 [PSH, ACK] Seq=494641448 Ack=2595116828 Win=39529 TSval=1918040818 TSecr=1455338927[Malformed Packet]"
"134434","24.313265","10.1.246.45","222.29.98.58","TCP","1516","51020  >  5201 [ACK] Seq=29457224 Ack=1 Win=29312 Len=1374 TSval=1455339100 TSecr=1915943830"
"134435","24.313309","10.1.246.45","222.29.98.58","TCP","1516","[TCP Previous segment not captured] 51020  >  5201 [ACK] Seq=29459972 Ack=1 Win=29312 Len=1374 TSval=1455339100 TSecr=1915943830"
"134436","24.313379","10.1.246.45","222.29.98.58","TCP","1516","51020  >  5137 [ACK] Seq=1 Ack=1 Win=229, bogus TCP header length (0, must be at least 20)"
"134437","24.313424","10.1.246.45","222.29.98.58","TCP","1516","[TCP Previous segment not captured] 51020  >  5201 [ACK] Seq=29462720 Ack=1 Win=29312 Len=1374 TSval=1455339100 TSecr=1915943830"
"134438","24.313468","10.1.246.45","222.29.98.58","TCP","1516","51020  >  5201 [ACK] Seq=29464094 Ack=1 Win=29312 Len=1374 TSval=1455339100 TSecr=1915943830"
"134439","24.313512","10.1.246.45","222.29.98.58","TCP","1516","51020  >  5201 [ACK] Seq=29465468 Ack=1 Win=29312 Len=1374 TSval=1455339100 TSecr=1915943830"
"134440","24.313557","10.1.246.45","222.29.98.58","TCP","1516","51020  >  5201 [ACK] Seq=29466842 Ack=1 Win=29312 Len=1374 TSval=1455339100 TSecr=1915943830"
"134554","24.320349","10.1.246.45","222.29.98.58","TCP","1516","[TCP Out-Of-Order] 51020  >  5201 [ACK] Seq=29469590 Ack=1 Win=29312 Len=1374 TSval=1455339100 TSecr=1915943830"
"134556","24.320465","10.1.246.45","222.29.98.58","TCP","1516","[TCP Out-Of-Order] 51020  >  5201 [ACK] Seq=29472338 Ack=1 Win=29312 Len=1374 TSval=1455339100 TSecr=1915943830"
"134557","24.320509","10.1.246.45","222.29.98.58","TCP","1516","[TCP Out-Of-Order] 51020  >  5201 [ACK] Seq=29473712 Ack=1 Win=29312 Len=1374 TSval=1455339100 TSecr=1915943830"
"134558","24.320554","10.1.246.45","222.29.98.58","TCP","1508","[TCP Retransmission] 51020  >  5201 [ACK] Seq=29481956 Ack=1 Win=29312 Len=1374 TSval=1455339100 TSecr=1915943830"
"135217","24.461339","10.1.246.45","222.29.98.58","TCP","1516","[TCP Previous segment not captured] 51020  >  5201 [ACK] Seq=29574014 Ack=1 Win=29312 Len=1374 TSval=1455339246 TSecr=1915943977"
"135220","24.461504","10.1.246.45","222.29.98.58","TCP","1516","51020  >  5201 [ACK] Seq=29579510 Ack=1 Win=29312 Len=1374 TSval=1455339247 TSecr=1915943977"
"135221","24.461561","10.1.246.45","222.29.98.58","TCP","1508","51020  >  5201 [ACK] Seq=29580884 Ack=1 Win=29312 Len=1374 TSval=1455339247 TSecr=1915943977"
"135961","24.587839","222.29.98.58","10.1.246.45","TCP","232","5201  >  51020 [PSH, ACK] Seq=1 Ack=29659202 Win=4840 Len=0"
"136056","24.597021","222.29.98.58","10.1.246.45","TCP","224","5201  >  51020 [RST, ACK] Seq=1 Ack=29715536 Win=6761 Len=0"
"136213","24.612312","222.29.98.58","10.1.246.45","TCP","224","5201  >  51020 [ACK] Seq=1 Ack=29789732 Win=39521 Len=0"
"137240","24.766116","10.1.246.45","222.29.98.58","TCP","1516","51020  >  5201 [ACK] Seq=30049418 Ack=1 Win=29312 Len=1374 TSval=1455339553 TSecr=1915944284"
"137241","24.766187","10.1.246.45","222.29.98.58","TCP","1508","51020  >  5201 [ACK] Seq=30050792 Ack=1 Win=29312 Len=1374 TSval=1455339553 TSecr=1915944284"
"137249","24.767121","222.29.98.58","10.1.246.45","TCP","224","5201  >  51020 [ACK] Seq=1 Ack=30046670 Win=6889 Len=0"
"138064","24.923850","10.1.246.45","222.29.98.58","TCP","1516","[TCP Out-Of-Order] 51020  >  5201 [ACK] Seq=30233534 Ack=1 Win=29312 Len=1374 TSval=1455339710 TSecr=1915944437"
"138415","24.974220","10.1.246.45","222.29.98.58","TCP","1508","[TCP Out-Of-Order] 51020  >  5201 [ACK] Seq=30276128 Ack=1 Win=29312 Len=1374 TSval=1455339726 TSecr=1915944456"
"140080","25.130389","222.29.98.58","10.1.246.45","TCP","224","5201  >  51020 [ACK] Seq=1 Ack=31334108 Win=6761 Len=0 TSval=1915944651 TSecr=1455337611"
"142676","25.340935","10.1.246.45","222.29.98.58","TCP","1516","[TCP Previous segment not captured] 51020  >  5201 [ACK] Seq=99977730 Ack=16385 Win=29312 Len=1374 TSval=1455340126 TSecr=1915944854"
"142836","25.353997","10.1.246.45","222.29.98.58","TCP","1516","[TCP Retransmission] 51020  >  5201 [ACK] Seq=32989778 Ack=1 Win=29312 Len=1374 TSval=1455340140 TSecr=1915944871"
"142837","25.354041","10.1.246.45","223.29.98.58","TCP","1516","51020  >  5201 [ACK] Seq=1 Ack=1 Win=228 Len=1374 TSval=1455340140 TSecr=1915944871"
"142838","25.354085","10.1.246.45","222.29.98.58","TCP","1516","[TCP Retransmission] 51020  >  5201 [ACK] Seq=32993900 Ack=1 Win=29312 Len=1374 TSval=1455340140 TSecr=1915944871"
"142839","25.354130","10.1.246.45","222.29.98.58","TCP","1516","[TCP Retransmission] 51020  >  5201 [ACK] Seq=32995274 Ack=1 Win=29312 Len=1374 TSval=1455340140 TSecr=1915944871"
"142840","25.354175","10.1.246.45","222.29.98.58","TCP","1516","[TCP Retransmission] 51020  >  5201 [ACK] Seq=32996648 Ack=1 Win=29312 Len=1374 TSval=1455340140 TSecr=1915944871"
"142841","25.354247","10.1.246.45","222.29.98.58","TCP","1516","[TCP Retransmission] 51020  >  5201 [ACK] Seq=32998022 Ack=1 Win=29312 Len=1374 TSval=1455340140 TSecr=1915944871"
"142985","25.366759","10.1.246.45","222.29.98.58","TCP","1516","[TCP Retransmission] 51020  >  5201 [ACK] Seq=33066722 Ack=1 Win=29312 Len=1374 TSval=1455340154 TSecr=1915944880"
"142987","25.366850","10.1.246.45","222.29.98.58","TCP","1516","[TCP Retransmission] 51020  >  5201 [PSH, ACK] Seq=33069470 Ack=4294967289 Win=29312 Len=1374"
"142988","25.366895","10.1.246.45","222.29.98.58","TCP","1516","[TCP Retransmission] 51020  >  5201 [ACK] Seq=33070844 Ack=1 Win=29312 Len=1374 TSval=1455340154 TSecr=1915944880"
"142989","25.366939","10.1.246.45","222.29.98.58","TCP","1516","[TCP Retransmission] 51020  >  5201 [ACK] Seq=33072218 Ack=1 Win=29312 Len=1374 TSval=1455340154 TSecr=1915944880"
"142990","25.366983","10.1.246.45","222.29.98.58","TCP","1516","[TCP Retransmission] 51020  >  5201 [ACK] Seq=33073592 Ack=1 Win=29312 Len=1374 TSval=1455340154 TSecr=1915944880"
"142999","25.367444","222.29.98.58","10.1.246.45","TCP","224","5201  >  51020 [ACK] Seq=1 Ack=33020006 Win=6761 Len=0 TSval=1915944886 TSecr=1455307378"
"143605","25.427221","222.29.98.58","10.1.246.45","TCP","224","5201  >  51020 [ACK] Seq=1 Ack=33443198 Win=6761 Len=0 TSval=1915944945 TSecr=1455340272"
"143659","25.432058","222.29.98.58","10.1.246.45","TCP","224","5201  >  51020 [ACK] Seq=1 Ack=33470678 Win=6761 Len=0 TSval=1915944951 TSecr=1455340215"
"143684","25.434115","222.29.98.58","10.1.246.45","TCP","224","37969  >  34636 [ACK] Seq=1 Ack=1 Win=6761 Len=0 TSval=1915813882 TSecr=1455340218"
"143702","25.435462","222.29.98.58","10.1.246.45","TCP","224","5201  >  51020 [ACK] Seq=1 Ack=33489914 Win=6761 Len=0 TSval=1915944954 TSecr=1455340216"
"143710","25.437457","222.29.98.58","10.1.246.47","LLC","232","U, func=UI; SNAP, OUI 0x000002 (Xerox Corporation), PID 0x0880"
"143711","25.437503","222.29.98.58","10.1.246.45","TCP","232","23633  >  51020 [ACK] Seq=1 Ack=1 Win=6761, bogus TCP header length (0, must be at least 20)"
"143731","25.438788","222.29.98.58","10.1.246.45","LLC","224","U, func=UI; DSAP SNAP Individual, SSAP 0xa2 Command"
"144631","25.524664","222.29.98.58","10.1.246.45","TCP","224","5201  >  51020 [ACK] Seq=1 Ack=34128824 Win=6761 Len=0"
"144777","25.539178","222.29.98.58","10.1.246.45","TCP","224","5201  >  51020 [ACK] Seq=1 Ack=34248362 Win=6761 Len=0 TSval=1915945059 TSecr=1455340329"
"144865","25.548845","222.29.98.58","10.1.246.45","TCP","224","5201  >  51020 [ACK] Seq=1 Ack=34322558 Win=6765 Len=0 TSval=1915945065 TSecr=1455340328"
"145496","25.620153","222.29.98.58","10.1.182.45","TCP","224","5201  >  51020 [ACK, ECN] Seq=1 Ack=1 Win=6761, bogus TCP header length (0, must be at least 20)"
"146842","25.746661","222.29.98.58","10.1.246.45","TCP","224","5201  >  51020 [ACK] Seq=1 Ack=35640096 Win=6217 Len=0"
"148365","25.894657","222.29.98.58","10.1.246.45","TCP","224","5201  >  51020 [ACK] Seq=1 Ack=36727058 Win=6761 Len=0 TSval=1915945414 TSecr=1455340677"
"148774","25.935913","222.29.98.58","10.1.246.45","TCP","232","5201  >  51020 [ACK] Seq=1 Ack=37010102 Win=6761 Len=0 TSval=1915945454 TSecr=1455340714"
"152093","26.227665","10.1.246.45","222.29.98.58","TCP","1516","[TCP Retransmission] 51020  >  5201 [ACK] Seq=39043622 Ack=1 Win=29312 Len=1374 TSval=1455341012 TSecr=1915945735"
"152254","26.244671","222.29.98.58","10.1.246.45","TCP","224","5201  >  51020 [ACK] Seq=1 Ack=39102704 Win=6777 Len=0"
"152270","26.246391","10.1.246.45","222.29.98.58","TCP","1516","[TCP Retransmission] 51020  >  5201 [ACK] Seq=39148046 Ack=1 Win=29312 Len=1374 TSval=1455341032 TSecr=1915945762"
"152291","26.248774","222.29.98.58","10.1.246.45","TCP","224","5201  >  51020 [ACK, CWR, Reserved] Seq=494641448 Ack=2605200614 Win=6689[Malformed Packet]"
"152326","26.252446","10.1.246.45","222.29.98.58","TCP","1516","[TCP Retransmission] 51020  >  5201 [ACK] Seq=39190640 Ack=1 Win=29312 Len=1374 TSval=1455341038 TSecr=1915945768"
"152327","26.252491","10.1.246.45","222.29.98.58","TCP","1516","[TCP Retransmission] 51020  >  5201 [ACK] Seq=39192014 Ack=1 Win=29312 Len=1374 TSval=1455341038 TSecr=1915945768"
"152328","26.252535","10.1.246.45","222.29.98.58","TCP","1516","[TCP Retransmission] 51020  >  5201 [ACK] Seq=39194762 Ack=1 Win=29312 Len=1374 TSval=1455341038 TSecr=1915945768"
"152371","26.255099","222.29.98.58","10.1.246.45","TCP","134","5201  >  51020 [ACK, Reserved] Seq=1 Ack=39178274 Win=6721 Len=0 TSval=1915945772 TSecr=3737058796"
"152386","26.255840","222.29.98.58","10.1.246.45","TCP","134","5201  >  51020 [ACK, Reserved] Seq=4026531841 Ack=39190640 Win=6761 Len=0"
"152658","26.277943","222.29.234.58","138.37.246.45","TCP","224","5201  >  51012 [ACK] Seq=494641448 Ack=2605428646 Win=6761 TSval=1915954115 TSecr=3602790018[Malformed Packet]"
"153012","26.306871","10.1.246.45","222.29.98.58","TCP","1516","[TCP Retransmission] 51020  >  5201 [ACK] Seq=39639938 Ack=1 Win=29312 Len=1374 TSval=1455341093 TSecr=1915945823"
"153014","26.306960","10.1.246.45","222.29.98.58","TCP","1516","[TCP Retransmission] 51020  >  5201 [ACK] Seq=39642686 Ack=1 Win=29312 Len=1374 TSval=1455341093 TSecr=1915945823"
"153015","26.307025","10.1.246.45","222.29.98.58","TCP","1516","[TCP Retransmission] 51020  >  5201 [ACK] Seq=39644060 Ack=1 Win=29312 Len=1374 TSval=1455341093 TSecr=1915945823"
"153016","26.307069","10.1.246.45","222.29.98.58","TCP","1516","[TCP Retransmission] 51020  >  5201 [ACK] Seq=39645434 Ack=1 Win=29312 Len=1374 TSval=1455341093 TSecr=1915945823"
"153082","26.312360","10.1.246.45","222.29.98.58","TCP","1516","[TCP Retransmission] 51020  >  5201 [ACK] Seq=39650930 Ack=1 Win=29312 Len=1374 TSval=1455341093 TSecr=1915945823"
"153083","26.312403","10.1.246.45","222.29.98.58","TCP","1516","[TCP Retransmission] 51020  >  5201 [ACK] Seq=39652304 Ack=1 Win=29312 Len=1374 TSval=1455341093 TSecr=1915945823"
"153084","26.312448","10.1.246.45","222.29.98.58","TCP","1508","[TCP Retransmission] 51020  >  5201 [ACK] Seq=39653678 Ack=1 Win=29312 Len=1374 TSval=1455341093 TSecr=1915945823"
"153214","26.323952","222.29.98.58","10.1.246.45","TCP","224","5201  >  18252 [ACK] Seq=1 Ack=1 Win=6761 Len=0 TSval=1915945838 TSecr=1455341101"
"153339","26.335614","222.29.98.58","10.1.246.45","TCP","224","5201  >  51020 [PSH, ACK] Seq=494641448 Ack=2605862882 Win=39009 TSval=1924334464 TSecr=1379319420[Malformed Packet]"
"153593","26.356226","222.29.98.58","10.1.246.45","TCP","224","5201  >  51020 [ACK] Seq=1 Ack=40002674 Win=6761 Len=0 TSval=1915945875 TSecr=1455341138"
"153742","26.368516","10.1.246.45","222.29.98.58","TCP","1508","[TCP Retransmission] 51020  >  5201 [ACK] Seq=40189538 Ack=1 Win=29312 Len=1374 TSval=1455341154 TSecr=1915945884"
"153813","26.373911","222.29.98.58","10.1.246.45","TCP","224","5201  >  51020 [ACK] Seq=1 Ack=40207400 Win=23145 Len=0"
"153848","26.378498","10.1.246.45","222.29.98.58","TCP","1516","[TCP Retransmission] 51020  >  5201 [ACK] Seq=40288466 Ack=1 Win=29312 Len=1374 TSval=1455341164 TSecr=1915945895"
"154186","26.406570","10.1.246.45","222.29.98.58","TCP","1516","[TCP Retransmission] 51020  >  5201 [ACK] Seq=40505558 Ack=1 Win=29312 Len=1374 TSval=1455341191 TSecr=1915945921"
"154187","26.406635","10.1.246.45","222.29.98.58","TCP","1516","[TCP Retransmission] 51020  >  5201 [ACK] Seq=40506932 Ack=1 Win=29312 Len=1374 TSval=1455341191 TSecr=1915945921"
"154189","26.406886","10.1.246.45","222.29.98.58","TCP","1516","[TCP Retransmission] 51020  >  5201 [ACK] Seq=40509680 Ack=1 Win=29312 Len=1374 TSval=1455341191 TSecr=1915945921"
"154190","26.406930","10.1.246.45","222.29.98.58","TCP","1516","[TCP Retransmission] 51020  >  5201 [ACK] Seq=40511054 Ack=1 Win=29312 Len=1374 TSval=1455341191 TSecr=1915945921"
"154191","26.406997","10.1.246.45","222.29.98.58","TCP","1516","[TCP Retransmission] 51020  >  5201 [ACK] Seq=40513802 Ack=1 Win=29312 Len=1374 TSval=1455341191 TSecr=1915945921"
"154192","26.407266","10.1.246.45","222.29.98.58","TCP","1516","[TCP Retransmission] 51020  >  5201 [ACK] Seq=40515176 Ack=1 Win=29312 Len=1374 TSval=1455341191 TSecr=1915945921"
"154193","26.407311","10.1.246.45","222.29.98.58","TCP","1516","[TCP Retransmission] 51020  >  5201 [ACK] Seq=40489070 Ack=1 Win=29312 Len=1374 TSval=1455341191 TSecr=1915945921"
"154195","26.407421","10.1.246.45","222.29.98.58","TCP","1516","[TCP Retransmission] 51020  >  5201 [ACK] Seq=40494566 Ack=1 Win=29312 Len=1374 TSval=1455341191 TSecr=1915945921"
"154196","26.407485","10.1.246.45","222.29.98.58","TCP","1516","[TCP Retransmission] 51020  >  5201 [PSH, ACK] Seq=40495940 Ack=1 Win=29312 Len=1374 TSval=1455341191 TSecr=1915945921"
"154197","26.407957","10.1.246.45","222.29.98.58","TCP","1508","[TCP Retransmission] 51020  >  5201 [ACK] Seq=40497314 Ack=1 Win=29312 Len=1374 TSval=1455341191 TSecr=1915945921"
"154540","26.444946","10.1.246.45","222.29.98.58","TCP","1516","[TCP Retransmission] 51020  >  5201 [ACK] Seq=40703414 Ack=1 Win=29312 Len=1374 TSval=1455341230 TSecr=1915945956"
"154541","26.444989","10.1.118.45","222.29.98.58","TCP","1516","51020  >  5201 [ACK] Seq=1 Ack=1 Win=229 Len=1366 TSval=1455341230 TSecr=1915945956"
"154542","26.445033","10.1.246.45","222.29.98.58","TCP","1516","[TCP Retransmission] 51020  >  5201 [ACK] Seq=40707536 Ack=1 Win=29312 Len=1374 TSval=1455341230 TSecr=1915945956"
"154544","26.445121","10.1.246.45","222.29.98.58","TCP","1516","[TCP Retransmission] 51020  >  5201 [ACK] Seq=40711658 Ack=1 Win=29312 Len=1374 TSval=1455341230 TSecr=1915945956"
"154545","26.445164","10.1.246.45","222.29.98.58","TCP","1516","[TCP Retransmission] 51020  >  5201 [ACK] Seq=40714406 Ack=4293918721 Win=29312 Len=1374 TSval=1455341230 TSecr=1915945956"
"154743","26.468353","10.1.246.45","222.29.98.58","TCP","1516","[TCP Retransmission] 51020  >  5201 [ACK] Seq=40828448 Ack=1 Win=29312 Len=1374 TSval=1455341252 TSecr=1915945979"
"154747","26.468557","10.1.246.45","222.29.98.58","TCP","1516","[TCP Retransmission] 51020  >  5201 [ACK] Seq=40807838 Ack=1 Win=29312 Len=1374 TSval=1455341252 TSecr=1915945979"
"154748","26.468602","10.1.246.45","222.29.98.58","TCP","1516","[TCP Retransmission] 51020  >  5201 [ACK] Seq=40809212 Ack=1 Win=29312 Len=1374 TSval=1455341252 TSecr=1915945979"
"154751","26.469135","10.1.246.45","222.29.98.58","TCP","1516","[TCP Retransmission] 51020  >  5201 [ACK] Seq=40813334 Ack=1 Win=29312 Len=1374 TSval=1455341252 TSecr=1915945979"
"154752","26.469182","10.1.246.45","222.29.98.58","TCP","1508","[TCP Retransmission] 51020  >  5201 [ACK] Seq=40816082 Ack=1 Win=29312 Len=1374 TSval=1455341252 TSecr=2050163707"
"155080","26.497686","10.1.246.45","222.29.98.58","TCP","1516","[TCP Retransmission] 51020  >  5201 [ACK] Seq=41012564 Ack=1 Win=29312 Len=1374 TSval=1455341279 TSecr=1915946010"
"155156","26.505412","10.1.246.45","222.29.98.58","TCP","1516","[TCP Retransmission] 51020  >  5201 [ACK] Seq=41073020 Ack=1 Win=29312 Len=1374 TSval=1455341290 TSecr=1915946015"
"155157","26.505909","10.1.246.45","222.29.98.58","TCP","1516","[TCP Retransmission] 51020  >  5201 [ACK] Seq=41046914 Ack=1 Win=29312 Len=1374 TSval=1455341290 TSecr=1915946015"
"155158","26.505954","10.1.246.45","222.29.98.58","TCP","1516","[TCP Retransmission] 51020  >  5201 [ACK] Seq=41052410 Ack=1 Win=29312 Len=1374 TSval=1455341290 TSecr=1915946015"
"155161","26.506118","10.1.246.45","222.29.99.40","TCP","1508","51036  >  5201 [ACK] Seq=1 Ack=1 Win=101 Len=1374 TSval=1388232394 TSecr=1915814943"
"156360","26.606085","10.1.246.45","222.29.98.58","TCP","1516","[TCP Retransmission] 51020  >  5201 [ACK] Seq=41625368 Ack=1 Win=29312 Len=1374 TSval=1455341392 TSecr=1915946122"
"156362","26.606198","10.1.246.45","222.29.98.58","TCP","1516","[TCP Retransmission] 51020  >  5201 [ACK] Seq=41628116 Ack=1 Win=29312 Len=1374 TSval=1455341392 TSecr=1915946122"
"160241","26.938371","222.29.98.58","10.1.246.45","TCP","232","5201  >  51020 [ACK] Seq=1 Ack=44321156 Win=6761 Len=0 TSval=1915946457 TSecr=1455341720"
"161527","27.057720","10.1.246.45","222.29.98.58","TCP","1516","[TCP Retransmission] 51020  >  5201 [ACK] Seq=45131816 Ack=1 Win=29312 Len=1374 TSval=1455341843 TSecr=1915946574"
"161529","27.057811","10.1.246.45","222.29.98.58","TCP","1516","[TCP Retransmission] 51020  >  5201 [ACK] Seq=45134564 Ack=1 Win=29312 Len=1374 TSval=1455341843 TSecr=1915946574"
"161530","27.057857","10.1.246.45","222.29.98.58","TCP","1516","[TCP Retransmission] 51020  >  5201 [ACK] Seq=45135938 Ack=1 Win=29312 Len=1374 TSval=1455341843 TSecr=1915946574"
"161531","27.057903","10.1.246.45","222.29.98.58","TCP","1508","[TCP Retransmission] 51020  >  5201 [ACK] Seq=45138686 Ack=1 Win=29312 Len=1374 TSval=1455341843 TSecr=1915946574"
"164318","27.269779","10.1.246.45","222.29.98.58","TCP","1516","[TCP Retransmission] 51020  >  5201 [ACK] Seq=47243654 Ack=1 Win=29312 Len=1374 TSval=1455342055 TSecr=1915946787"
"164443","27.276592","222.29.98.58","10.1.246.45","LLC","232","U, func=SIM; SNAP, OUI 0x000000 (Officially Xerox, but 0:0:0:0:0:0 is more common), PID 0x0800"
"166856","27.454464","222.29.98.58","10.1.246.45","LLC","224","U, func=UI; DSAP Banyan Vines Individual, SSAP SNAP Command"
"168037","27.539053","222.31.98.58","10.1.246.45","IPv4","224","Fragmented IP protocol (proto=IGMP 2, off=32768, ID=9286)"
"170096","27.739851","10.1.246.45","222.29.98.58","TCP","1516","[TCP Retransmission] 51020  >  5201 [ACK] Seq=51280466 Ack=1 Win=29312 Len=1374 TSval=1455342524 TSecr=1915947254"
"170097","27.739924","10.1.246.45","222.29.98.58","TCP","1516","[TCP Retransmission] 51020  >  5201 [ACK] Seq=51281840 Ack=1 Win=29312 Len=1374 TSval=1455342524 TSecr=1915947254"
"170098","27.739969","10.1.246.45","222.29.98.58","TCP","1516","[TCP Retransmission] 51020  >  5201 [ACK] Seq=51283214 Ack=1 Win=29312 Len=1374 TSval=1455342524 TSecr=1915947254"
"170099","27.740013","10.1.246.45","222.29.98.58","TCP","1516","[TCP Retransmission] 51020  >  5201 [ACK] Seq=51284588 Ack=1 Win=29312 Len=1374 TSval=1455342524 TSecr=1915947254"
"170100","27.740060","10.1.246.45","222.29.98.58","TCP","1516","[TCP Retransmission] 51020  >  5201 [ACK] Seq=51285962 Ack=1 Win=29312 Len=1374 TSval=1455342524 TSecr=1915947254"
"173413","27.975358","10.1.246.45","222.29.98.58","TCP","1516","[TCP Retransmission] 51020  >  5201 [ACK] Seq=53051552 Ack=1 Win=29312 Len=1374 TSval=1455342758 TSecr=1915947480"
"173886","28.005742","10.1.246.45","222.29.98.58","TCP","1516","[TCP Retransmission] 51020  >  5201 [ACK] Seq=53263148 Ack=1 Win=29312 Len=1374 TSval=1455342792 TSecr=1915947520"
"173887","28.005787","10.1.246.45","222.29.98.58","TCP","1516","[TCP Retransmission] 51020  >  5201 [ACK] Seq=53265896 Ack=1 Win=29312 Len=1374 TSval=1455342792 TSecr=1915947520"
"173889","28.005877","10.1.246.45","222.29.98.58","TCP","1516","[TCP Retransmission] 51020  >  5201 [ACK] Seq=53268644 Ack=1 Win=29312 Len=1374 TSval=1455342792 TSecr=1915947520"
"173890","28.005951","10.1.246.45","222.29.98.58","TCP","1516","[TCP Retransmission] 51020  >  5201 [ACK] Seq=53270018 Ack=1 Win=29312 Len=1374 TSval=1455342792 TSecr=1915947520"
"173963","28.010867","10.1.246.45","222.29.98.58","TCP","1516","[TCP Retransmission] 51020  >  5201 [ACK] Seq=53344214 Ack=1 Win=29312 Len=1374 TSval=1455342797 TSecr=1915947528"
"173965","28.010956","10.1.246.45","222.29.98.58","TCP","1516","[TCP Retransmission] 51020  >  5201 [ACK] Seq=53326352 Ack=1 Win=29312 Len=1374 TSval=1455342797 TSecr=1915947528"
"173966","28.011000","10.1.246.45","222.29.98.58","TCP","1516","[TCP Retransmission] 51020  >  5201 [ACK] Seq=53327726 Ack=1 Win=29312 Len=1374 TSval=1455342797 TSecr=1915947528"
